{"_wandb":{"runtime":218},"_runtime":216.771458488,"train_loss_step":0.009771835058927536,"epoch":5,"train_loss_epoch":0.007300233002752066,"trainer/global_step":4349,"_timestamp":1.778182209020126e+09,"val_loss":0.007580030243843794,"_step":96}