{"train_loss_epoch":0.006300326902419329,"_wandb":{"runtime":552},"train_loss_step":0.0068730986677110195,"epoch":14,"_timestamp":1.7781819754453788e+09,"val_loss":0.006620395928621292,"trainer/global_step":11049,"_step":248,"_runtime":550.078529437}