{"train_loss_epoch":0.004387269727885723,"_step":4039,"train_loss_step":0.004625668283551931,"trainer/global_step":41039,"val_loss":0.004091327544301748,"_wandb":{"runtime":8702},"_timestamp":1.7781909265657704e+09,"_runtime":8701.881027717,"epoch":53}